1973-08-08,0,0.0,24.8,temperatura
1973-08-08,1200,0.0,27.6,temperatura
1973-08-08,1800,0.0,37.2,temperatura
1961-01-18,0,0.0,25.0,precipitacao
1961-01-18,1200,57.1,23.4,precipitacao
1961-01-18,1800,4.1,27.0,precipitacao
1961-01-23,0,9.5,24.5,precipitacao
1961-01-23,1200,65.5,25.1,precipitacao
1961-01-23,1800,1.2,25.0,precipitacao
1961-04-14,0,0.0,24.8,precipitacao
1961-04-14,1200,72.1,24.2,precipitacao
1961-04-14,1800,110.0,23.0,precipitacao
1961-04-19,0,1.0,24.0,precipitacao
1961-04-19,1200,55.9,23.1,precipitacao
1961-04-19,1800,0.0,27.5,precipitacao
1961-04-29,0,0.0,26.6,precipitacao
1961-04-29,1200,5.6,25.0,precipitacao
1961-04-29,1800,56.5,25.2,precipitacao
1961-06-26,0,0.0,24.0,precipitacao
1961-06-26,1200,106.3,24.0,precipitacao
1961-06-26,1800,5.0,27.0,precipitacao
1961-07-25,0,16.8,22.4,precipitacao
1961-07-25,1200,35.3,23.0,precipitacao
1961-07-25,1800,21.6,23.2,precipitacao
1963-02-17,0,0.0,29.2,precipitacao
1963-02-17,1200,9.0,25.2,precipitacao
1963-02-17,1800,59.9,24.0,precipitacao
1963-02-28,0,0.0,25.0,precipitacao
1963-02-28,1200,52.0,23.4,precipitacao
1963-02-28,1800,0.0,27.0,precipitacao
1963-03-29,0,0.0,27.6,precipitacao
1963-03-29,1200,55.0,23.0,precipitacao
1963-03-29,1800,0.9,24.7,precipitacao
1963-04-24,0,0.8,24.8,precipitacao
1963-04-24,1200,92.0,23.6,precipitacao
1963-04-24,1800,0.6,27.2,precipitacao
1963-05-27,0,0.0,25.2,precipitacao
1963-05-27,1200,65.0,24.0,precipitacao
1963-05-27,1800,0.2,25.4,precipitacao
1963-07-05,0,2.7,22.8,precipitacao
1963-07-05,1200,144.0,22.9,precipitacao
1963-07-05,1800,1.4,24.8,precipitacao
1964-01-09,0,0.0,27.6,precipitacao
1964-01-09,1200,52.0,23.7,precipitacao
1964-01-09,1800,28.4,25.0,precipitacao
1964-02-08,0,0.0,29.6,precipitacao
1964-02-08,1200,95.0,24.8,precipitacao
1964-02-08,1800,21.4,28.8,precipitacao
1964-02-09,0,0.0,27.0,precipitacao
1964-02-09,1200,39.0,25.8,precipitacao
1964-02-09,1800,28.4,26.2,precipitacao
1964-02-12,0,0.0,25.9,precipitacao
1964-02-12,1200,44.0,24.3,precipitacao
1964-02-12,1800,7.8,27.2,precipitacao
1964-03-25,0,0.0,28.3,precipitacao
1964-03-25,1200,56.0,26.2,precipitacao
1964-03-25,1800,0.0,,precipitacao
1964-04-08,0,8.0,27.4,precipitacao
1964-04-08,1200,150.0,25.8,precipitacao
1964-04-08,1800,0.0,26.1,precipitacao
1964-04-10,0,0.0,27.6,precipitacao
1964-04-10,1200,53.0,24.0,precipitacao
1964-04-10,1800,4.8,25.6,precipitacao
1964-04-14,0,0.0,,precipitacao
1964-04-14,1200,100.0,27.6,precipitacao
1964-04-14,1800,7.8,27.0,precipitacao
1964-05-05,0,0.0,26.1,precipitacao
1964-05-05,1200,92.0,27.8,precipitacao
1964-05-05,1800,0.0,26.6,precipitacao
1964-05-12,0,0.0,28.2,precipitacao
1964-05-12,1200,49.0,28.0,precipitacao
1964-05-12,1800,7.0,31.2,precipitacao
1964-05-14,0,0.0,27.6,precipitacao
1964-05-14,1200,50.0,23.4,precipitacao
1964-05-14,1800,28.8,27.0,precipitacao
1964-05-24,0,0.0,27.4,precipitacao
1964-05-24,1200,79.0,23.6,precipitacao
1964-05-24,1800,7.4,28.0,precipitacao
1964-05-28,0,36.2,26.2,precipitacao
1964-05-28,1200,10.6,24.0,precipitacao
1964-05-28,1800,8.4,26.4,precipitacao
1964-05-29,0,32.7,25.7,precipitacao
1964-05-29,1200,86.0,25.4,precipitacao
1964-05-29,1800,5.8,26.8,precipitacao
1964-06-17,0,2.4,25.4,precipitacao
1964-06-17,1200,65.0,23.0,precipitacao
1964-06-17,1800,0.0,26.3,precipitacao
1964-06-18,0,3.1,25.3,precipitacao
1964-06-18,1200,61.0,22.7,precipitacao
1964-06-18,1800,4.8,29.0,precipitacao
1964-06-28,0,0.0,27.2,precipitacao
1964-06-28,1200,30.0,26.4,precipitacao
1964-06-28,1800,21.0,27.2,precipitacao
1964-07-03,0,12.8,27.2,precipitacao
1964-07-03,1200,39.4,24.0,precipitacao
1964-07-03,1800,4.2,29.0,precipitacao
1964-07-06,0,0.0,26.8,precipitacao
1964-07-06,1200,142.0,20.2,precipitacao
1964-07-06,1800,8.4,25.2,precipitacao
1965-04-20,0,0.0,25.6,precipitacao
1965-04-20,1200,66.0,24.8,precipitacao
1965-04-20,1800,4.2,26.4,precipitacao
1965-05-03,0,0.0,24.2,precipitacao
1965-05-03,1200,100.8,23.4,precipitacao
1965-05-03,1800,14.8,,precipitacao
1965-05-14,0,3.7,22.8,precipitacao
1965-05-14,1200,70.0,26.0,precipitacao
1965-05-14,1800,21.4,26.8,precipitacao
1965-05-17,0,1.6,24.6,precipitacao
1965-05-17,1200,64.4,24.4,precipitacao
1965-05-17,1800,2.4,,precipitacao
1965-06-03,0,1.2,25.3,precipitacao
1965-06-03,1200,52.6,24.6,precipitacao
1965-06-03,1800,14.2,25.0,precipitacao
1965-06-12,0,0.0,25.0,precipitacao
1965-06-12,1200,136.0,22.8,precipitacao
1965-06-12,1800,28.6,,precipitacao
1965-06-29,0,2.6,22.6,precipitacao
1965-06-29,1200,20.6,21.7,precipitacao
1965-06-29,1800,28.7,22.4,precipitacao
1965-07-03,0,0.0,24.0,precipitacao
1965-07-03,1200,39.0,21.8,precipitacao
1965-07-03,1800,14.0,23.0,precipitacao
1966-02-09,0,1.0,24.4,precipitacao
1966-02-09,1200,60.5,23.6,precipitacao
1966-02-09,1800,4.8,26.8,precipitacao
1966-02-16,0,38.0,25.2,precipitacao
1966-02-16,1200,11.7,27.6,precipitacao
1966-02-16,1800,0.4,29.0,precipitacao
1966-04-30,0,0.0,26.8,precipitacao
1966-04-30,1200,71.4,24.0,precipitacao
1966-04-30,1800,15.7,26.8,precipitacao
1966-07-03,0,10.0,22.7,precipitacao
1966-07-03,1200,62.4,23.2,precipitacao
1966-07-03,1800,12.0,22.2,precipitacao
1966-07-13,0,13.3,22.6,precipitacao
1966-07-13,1200,39.2,23.4,precipitacao
1966-07-13,1800,19.5,24.8,precipitacao
1967-03-10,0,0.0,27.1,precipitacao
1967-03-10,1200,71.2,24.2,precipitacao
1967-03-10,1800,72.6,25.6,precipitacao
1967-03-16,0,5.0,24.6,precipitacao
1967-03-16,1200,62.9,24.0,precipitacao
1967-03-16,1800,1.1,28.0,precipitacao
1967-04-05,0,0.0,27.4,precipitacao
1967-04-05,1200,60.8,25.4,precipitacao
1967-04-05,1800,0.0,29.2,precipitacao
1967-04-18,0,8.6,25.6,precipitacao
1967-04-18,1200,49.9,24.4,precipitacao
1967-04-18,1800,0.0,28.0,precipitacao
1967-04-29,0,1.7,23.7,precipitacao
1967-04-29,1200,55.6,26.8,precipitacao
1967-04-29,1800,0.0,28.6,precipitacao
1967-05-09,0,1.2,24.2,precipitacao
1967-05-09,1200,115.0,24.0,precipitacao
1967-05-09,1800,4.7,24.8,precipitacao
1967-06-03,0,0.0,25.0,precipitacao
1967-06-03,1200,36.0,23.7,precipitacao
1967-06-03,1800,16.2,24.2,precipitacao
1967-06-22,0,6.4,22.8,precipitacao
1967-06-22,1200,43.0,22.6,precipitacao
1967-06-22,1800,1.0,26.8,precipitacao
1967-07-05,0,1.4,23.6,precipitacao
1967-07-05,1200,49.2,24.6,precipitacao
1967-07-05,1800,0.0,26.4,precipitacao
1967-07-29,0,1.8,23.0,precipitacao
1967-07-29,1200,17.0,22.2,precipitacao
1967-07-29,1800,33.0,21.9,precipitacao
1968-03-11,0,0.0,26.8,precipitacao
1968-03-11,1200,66.9,26.4,precipitacao
1968-03-11,1800,0.0,27.6,precipitacao
1968-03-21,0,0.0,25.8,precipitacao
1968-03-21,1200,0.0,27.6,precipitacao
1968-03-21,1800,73.0,26.2,precipitacao
1968-03-24,0,92.0,26.8,precipitacao
1968-03-24,1200,0.0,27.4,precipitacao
1968-03-24,1800,0.0,28.6,precipitacao
1968-04-15,0,0.0,26.6,precipitacao
1968-04-15,1200,80.0,,precipitacao
1968-04-15,1800,0.0,28.8,precipitacao
1968-04-24,0,0.0,27.4,precipitacao
1968-04-24,1200,0.0,27.7,precipitacao
1968-04-24,1800,85.0,29.4,precipitacao
1968-05-29,0,58.0,25.6,precipitacao
1968-05-29,1200,0.0,27.8,precipitacao
1968-05-29,1800,0.0,28.6,precipitacao
1968-07-12,0,0.0,23.0,precipitacao
1968-07-12,1200,0.0,25.8,precipitacao
1968-07-12,1800,66.0,24.2,precipitacao
1969-03-29,0,0.0,27.7,precipitacao
1969-03-29,1200,12.0,27.6,precipitacao
1969-03-29,1800,63.0,25.0,precipitacao
1969-04-03,0,0.0,27.8,precipitacao
1969-04-03,1200,18.0,27.6,precipitacao
1969-04-03,1800,33.0,25.4,precipitacao
1969-04-14,0,0.0,28.1,precipitacao
1969-04-14,1200,118.0,25.6,precipitacao
1969-04-14,1800,0.0,28.0,precipitacao
1969-04-24,0,0.0,28.0,precipitacao
1969-04-24,1200,0.0,28.2,precipitacao
1969-04-24,1800,150.0,28.0,precipitacao
1969-05-06,0,0.0,28.4,precipitacao
1969-05-06,1200,61.0,27.0,precipitacao
1969-05-06,1800,2.0,28.4,precipitacao
1969-05-21,0,0.0,27.6,precipitacao
1969-05-21,1200,26.0,26.0,precipitacao
1969-05-21,1800,80.5,27.0,precipitacao
1969-05-23,0,0.0,27.6,precipitacao
1969-05-23,1200,11.0,26.4,precipitacao
1969-05-23,1800,43.4,26.6,precipitacao
1969-06-08,0,0.0,27.6,precipitacao
1969-06-08,1200,12.0,25.8,precipitacao
1969-06-08,1800,52.0,27.2,precipitacao
1969-06-11,0,0.0,27.8,precipitacao
1969-06-11,1200,22.0,27.2,precipitacao
1969-06-11,1800,77.0,25.0,precipitacao
1969-06-13,0,28.0,22.8,precipitacao
1969-06-13,1200,47.0,22.9,precipitacao
1969-06-13,1800,8.0,25.4,precipitacao
1969-06-28,0,6.0,27.4,precipitacao
1969-06-28,1200,50.0,25.8,precipitacao
1969-06-28,1800,1.0,27.0,precipitacao
1969-07-12,0,2.0,23.0,precipitacao
1969-07-12,1200,12.0,26.0,precipitacao
1969-07-12,1800,77.0,24.0,precipitacao
1970-03-19,0,8.0,26.4,precipitacao
1970-03-19,1200,30.0,25.8,precipitacao
1970-03-19,1800,54.0,25.4,precipitacao
1970-04-23,0,0.0,25.0,precipitacao
1970-04-23,1200,56.0,24.0,precipitacao
1970-04-23,1800,4.3,25.2,precipitacao
1970-04-25,0,6.0,24.6,precipitacao
1970-04-25,1200,117.0,24.0,precipitacao
1970-04-25,1800,3.6,27.4,precipitacao
1970-04-26,0,2.2,24.2,precipitacao
1970-04-26,1200,103.0,22.8,precipitacao
1970-04-26,1800,27.0,23.8,precipitacao
1970-05-29,0,0.0,22.8,precipitacao
1970-05-29,1200,47.0,24.2,precipitacao
1970-05-29,1800,4.0,25.8,precipitacao
1970-06-02,0,0.0,,precipitacao
1970-06-02,1200,10.5,25.4,precipitacao
1970-06-02,1800,55.0,26.2,precipitacao
1970-06-05,0,0.0,26.2,precipitacao
1970-06-05,1200,26.0,27.0,precipitacao
1970-06-05,1800,119.0,22.4,precipitacao
1970-07-19,0,18.0,20.4,precipitacao
1970-07-19,1200,80.0,24.0,precipitacao
1970-07-19,1800,6.0,24.6,precipitacao
1970-07-21,0,0.0,25.4,precipitacao
1970-07-21,1200,35.0,24.0,precipitacao
1970-07-21,1800,25.0,22.6,precipitacao
1970-08-04,0,25.0,22.0,precipitacao
1970-08-04,1200,45.0,22.4,precipitacao
1970-08-04,1800,6.0,23.4,precipitacao
1970-08-06,0,10.0,22.4,precipitacao
1970-08-06,1200,33.0,22.6,precipitacao
1970-08-06,1800,23.0,22.6,precipitacao
1970-08-11,0,0.0,24.4,precipitacao
1970-08-11,1200,190.0,24.6,precipitacao
1970-08-11,1800,1.0,24.8,precipitacao
1970-08-15,0,14.0,21.8,precipitacao
1970-08-15,1200,41.0,24.0,precipitacao
1970-08-15,1800,5.4,23.0,precipitacao
1973-03-09,0,0.0,28.4,precipitacao
1973-03-09,1200,51.4,28.0,precipitacao
1973-03-09,1800,0.0,28.6,precipitacao
1973-04-08,0,1.0,25.8,precipitacao
1973-04-08,1200,50.0,24.4,precipitacao
1973-04-08,1800,0.0,26.4,precipitacao
1973-04-09,0,5.0,24.2,precipitacao
1973-04-09,1200,75.0,26.8,precipitacao
1973-04-09,1800,8.0,25.4,precipitacao
1973-04-21,0,22.0,,precipitacao
1973-04-21,1200,28.0,,precipitacao
1973-04-21,1800,6.0,,precipitacao
1973-04-26,0,58.0,,precipitacao
1973-04-26,1200,55.0,,precipitacao
1973-04-26,1800,6.0,,precipitacao
1973-04-27,0,0.0,,precipitacao
1973-04-27,1200,57.0,,precipitacao
1973-04-27,1800,0.0,,precipitacao
1973-05-02,0,0.0,,precipitacao
1973-05-02,1200,60.0,,precipitacao
1973-05-02,1800,6.5,,precipitacao
1973-05-24,0,63.4,23.0,precipitacao
1973-05-24,1200,20.0,25.2,precipitacao
1973-05-24,1800,0.0,28.0,precipitacao
1973-05-26,0,3.0,24.1,precipitacao
1973-05-26,1200,66.0,23.8,precipitacao
1973-05-26,1800,0.0,26.2,precipitacao
1973-06-09,0,5.0,26.0,precipitacao
1973-06-09,1200,93.0,25.4,precipitacao
1973-06-09,1800,0.0,27.0,precipitacao
1973-06-15,0,36.0,23.6,precipitacao
1973-06-15,1200,54.4,22.8,precipitacao
1973-06-15,1800,4.0,25.4,precipitacao
1973-06-21,0,0.0,25.4,precipitacao
1973-06-21,1200,133.0,22.7,precipitacao
1973-06-21,1800,4.8,25.2,precipitacao
1973-07-05,0,0.5,21.6,precipitacao
1973-07-05,1200,52.0,23.4,precipitacao
1973-07-05,1800,9.0,23.2,precipitacao
1973-07-21,0,20.0,22.4,precipitacao
1973-07-21,1200,57.0,24.3,precipitacao
1973-07-21,1800,0.0,25.6,precipitacao
1973-09-01,0,0.0,24.2,precipitacao
1973-09-01,1200,55.0,24.4,precipitacao
1973-09-01,1800,0.0,23.2,precipitacao
1974-01-21,0,20.0,23.4,precipitacao
1974-01-21,1200,27.0,26.6,precipitacao
1974-01-21,1800,15.8,26.2,precipitacao
1974-01-29,0,0.0,27.0,precipitacao
1974-01-29,1200,49.6,23.6,precipitacao
1974-01-29,1800,5.8,24.8,precipitacao
1974-03-10,0,19.4,27.0,precipitacao
1974-03-10,1200,55.0,24.4,precipitacao
1974-03-10,1800,0.0,25.2,precipitacao
1974-04-02,0,0.0,26.8,precipitacao
1974-04-02,1200,81.0,24.6,precipitacao
1974-04-02,1800,0.0,28.6,precipitacao
1974-05-13,0,0.0,26.8,precipitacao
1974-05-13,1200,57.0,27.9,precipitacao
1974-05-13,1800,0.0,28.8,precipitacao
1974-05-17,0,0.0,28.1,precipitacao
1974-05-17,1200,0.0,28.1,precipitacao
1974-05-17,1800,71.0,28.6,precipitacao
1974-05-22,0,17.0,25.6,precipitacao
1974-05-22,1200,34.0,27.9,precipitacao
1974-05-22,1800,0.0,28.6,precipitacao
1974-06-21,0,27.0,27.1,precipitacao
1974-06-21,1200,0.0,27.6,precipitacao
1974-06-21,1800,36.0,28.2,precipitacao
1974-07-10,0,12.4,22.8,precipitacao
1974-07-10,1200,41.6,25.4,precipitacao
1974-07-10,1800,0.0,26.0,precipitacao
1974-08-01,0,1.0,22.6,precipitacao
1974-08-01,1200,81.0,22.6,precipitacao
1974-08-01,1800,0.0,23.4,precipitacao
1975-03-01,0,15.0,24.0,precipitacao
1975-03-01,1200,70.0,27.2,precipitacao
1975-03-01,1800,0.0,27.2,precipitacao
1976-02-02,0,0.0,26.2,precipitacao
1976-02-02,1200,62.3,23.2,precipitacao
1976-02-02,1800,0.0,25.5,precipitacao
1976-03-30,0,0.3,23.6,precipitacao
1976-03-30,1200,0.9,25.5,precipitacao
1976-03-30,1800,75.0,23.2,precipitacao
1976-04-12,0,0.0,24.1,precipitacao
1976-04-12,1200,52.0,26.4,precipitacao
1976-04-12,1800,0.0,28.0,precipitacao
1976-05-22,0,5.9,24.8,precipitacao
1976-05-22,1200,92.0,24.5,precipitacao
1976-05-22,1800,5.8,24.3,precipitacao
1976-07-06,0,0.0,25.0,precipitacao
1976-07-06,1200,71.0,22.4,precipitacao
1976-07-06,1800,6.9,25.2,precipitacao
1976-07-17,0,9.3,22.0,precipitacao
1976-07-17,1200,58.6,22.0,precipitacao
1976-07-17,1800,0.0,26.6,precipitacao
1976-07-24,0,11.8,22.9,precipitacao
1976-07-24,1200,41.0,24.2,precipitacao
1976-07-24,1800,0.0,24.4,precipitacao
1977-01-29,0,0.0,26.1,precipitacao
1977-01-29,1200,47.6,22.4,precipitacao
1977-01-29,1800,7.8,27.8,precipitacao
1977-04-26,0,0.0,27.1,precipitacao
1977-04-26,1200,53.0,29.0,precipitacao
1977-04-26,1800,0.0,28.6,precipitacao
1977-06-03,0,0.0,24.8,precipitacao
1977-06-03,1200,50.0,22.8,precipitacao
1977-06-03,1800,25.4,25.0,precipitacao
1977-06-24,0,3.5,23.6,precipitacao
1977-06-24,1200,83.8,23.8,precipitacao
1977-06-24,1800,3.4,27.8,precipitacao
1978-03-14,0,0.0,26.2,precipitacao
1978-03-14,1200,100.0,23.8,precipitacao
1978-03-14,1800,1.3,26.8,precipitacao
1978-04-06,0,0.8,25.8,precipitacao
1978-04-06,1200,57.2,25.0,precipitacao
1978-04-06,1800,1.8,28.6,precipitacao
1978-04-09,0,0.0,26.0,precipitacao
1978-04-09,1200,36.4,24.6,precipitacao
1978-04-09,1800,60.0,23.6,precipitacao
1978-04-10,0,37.8,24.8,precipitacao
1978-04-10,1200,50.2,28.5,precipitacao
1978-04-10,1800,10.4,27.6,precipitacao
1978-05-11,0,1.8,25.2,precipitacao
1978-05-11,1200,6.0,24.8,precipitacao
1978-05-11,1800,65.6,,precipitacao
1978-07-06,0,0.1,23.8,precipitacao
1978-07-06,1200,50.5,24.0,precipitacao
1978-07-06,1800,5.4,25.2,precipitacao
1978-07-10,0,0.0,23.6,precipitacao
1978-07-10,1200,21.6,22.6,precipitacao
1978-07-10,1800,28.6,23.3,precipitacao
1978-07-11,0,0.0,22.8,precipitacao
1978-07-11,1200,68.2,24.2,precipitacao
1978-07-11,1800,0.0,25.1,precipitacao
1978-07-28,0,3.0,23.5,precipitacao
1978-07-28,1200,40.0,23.2,precipitacao
1978-07-28,1800,55.0,24.0,precipitacao
1979-04-29,0,0.0,25.1,precipitacao
1979-04-29,1200,50.4,25.1,precipitacao
1979-04-29,1800,6.3,25.1,precipitacao
1979-05-11,0,2.0,24.7,precipitacao
1979-05-11,1200,41.2,23.1,precipitacao
1979-05-11,1800,9.4,24.1,precipitacao
1979-05-16,0,21.4,23.3,precipitacao
1979-05-16,1200,68.0,23.7,precipitacao
1979-05-16,1800,0.4,26.5,precipitacao
1979-07-02,0,52.0,23.9,precipitacao
1979-07-02,1200,9.1,23.2,precipitacao
1979-07-02,1800,0.0,26.3,precipitacao
1980-02-20,0,0.0,27.5,precipitacao
1980-02-20,1200,59.6,24.8,precipitacao
1980-02-20,1800,0.2,27.9,precipitacao
1980-03-13,0,24.1,23.2,precipitacao
1980-03-13,1200,46.2,24.3,precipitacao
1980-03-13,1800,0.1,28.3,precipitacao
1980-03-20,0,0.0,26.7,precipitacao
1980-03-20,1200,64.0,28.5,precipitacao
1980-03-20,1800,0.0,29.1,precipitacao
1980-03-27,0,0.4,24.3,precipitacao
1980-03-27,1200,19.4,28.3,precipitacao
1980-03-27,1800,43.0,26.7,precipitacao
1980-04-23,0,5.1,24.0,precipitacao
1980-04-23,1200,62.6,26.9,precipitacao
1980-04-23,1800,0.0,27.4,precipitacao
1980-05-15,0,0.1,25.9,precipitacao
1980-05-15,1200,53.0,24.4,precipitacao
1980-05-15,1800,7.3,24.7,precipitacao
1980-06-10,0,11.1,23.8,precipitacao
1980-06-10,1200,61.5,25.3,precipitacao
1980-06-10,1800,12.7,23.3,precipitacao
1981-02-17,0,0.0,27.4,precipitacao
1981-02-17,1200,68.0,24.5,precipitacao
1981-02-17,1800,8.0,26.3,precipitacao
1981-03-18,0,5.0,24.7,precipitacao
1981-03-18,1200,147.6,24.9,precipitacao
1981-03-18,1800,0.0,27.6,precipitacao
1981-03-20,0,9.1,23.7,precipitacao
1981-03-20,1200,0.9,26.5,precipitacao
1981-03-20,1800,48.5,24.0,precipitacao
1981-05-22,0,73.4,24.1,precipitacao
1981-05-22,1200,70.4,25.3,precipitacao
1981-05-22,1800,1.0,26.5,precipitacao
1981-07-09,0,5.4,23.7,precipitacao
1981-07-09,1200,38.0,22.2,precipitacao
1981-07-09,1800,7.0,26.3,precipitacao
1982-02-14,0,6.1,26.0,precipitacao
1982-02-14,1200,27.5,23.7,precipitacao
1982-02-14,1800,22.2,25.3,precipitacao
1982-05-15,0,3.3,24.3,precipitacao
1982-05-15,1200,57.4,26.2,precipitacao
1982-05-15,1800,0.0,28.1,precipitacao
1982-05-18,0,5.0,25.7,precipitacao
1982-05-18,1200,64.6,25.0,precipitacao
1982-05-18,1800,0.7,27.1,precipitacao
1982-08-10,0,2.4,23.0,precipitacao
1982-08-10,1200,33.0,24.3,precipitacao
1982-08-10,1800,20.0,26.6,precipitacao
1983-02-06,0,0.0,26.3,precipitacao
1983-02-06,1200,22.1,26.7,precipitacao
1983-02-06,1800,38.6,23.1,precipitacao
1983-02-16,0,0.0,27.1,precipitacao
1983-02-16,1200,98.0,22.8,precipitacao
1983-02-16,1800,9.4,27.1,precipitacao
1983-06-14,0,2.1,23.3,precipitacao
1983-06-14,1200,51.1,24.0,precipitacao
1983-06-14,1800,2.5,24.7,precipitacao
1984-01-14,0,35.0,25.5,precipitacao
1984-01-14,1200,18.0,27.2,precipitacao
1984-01-14,1800,0.0,29.6,precipitacao
1984-04-10,0,0.0,27.6,precipitacao
1984-04-10,1200,75.0,25.0,precipitacao
1984-04-10,1800,0.8,27.4,precipitacao
1984-04-13,0,3.8,25.8,precipitacao
1984-04-13,1200,68.6,25.3,precipitacao
1984-04-13,1800,1.0,28.6,precipitacao
1984-04-16,0,10.4,24.6,precipitacao
1984-04-16,1200,46.6,25.9,precipitacao
1984-04-16,1800,5.1,25.2,precipitacao
1984-04-17,0,17.0,26.2,precipitacao
1984-04-17,1200,36.0,24.6,precipitacao
1984-04-17,1800,33.6,24.6,precipitacao
1984-05-03,0,3.4,25.2,precipitacao
1984-05-03,1200,15.4,24.6,precipitacao
1984-05-03,1800,46.0,24.3,precipitacao
1984-05-14,0,0.0,25.2,precipitacao
1984-05-14,1200,48.6,23.4,precipitacao
1984-05-14,1800,2.1,28.4,precipitacao
1984-05-20,0,28.0,24.6,precipitacao
1984-05-20,1200,4.0,24.2,precipitacao
1984-05-20,1800,47.7,26.4,precipitacao
1984-05-21,0,4.2,25.2,precipitacao
1984-05-21,1200,18.8,24.4,precipitacao
1984-05-21,1800,59.8,23.4,precipitacao
1984-07-18,0,1.4,23.2,precipitacao
1984-07-18,1200,122.6,23.0,precipitacao
1984-07-18,1800,4.0,26.2,precipitacao
1984-08-29,0,0.0,24.0,precipitacao
1984-08-29,1200,92.4,24.2,precipitacao
1984-08-29,1800,32.6,26.8,precipitacao
1985-03-25,0,,,precipitacao
1985-03-25,1200,43.2,27.9,precipitacao
1985-03-25,1800,9.0,26.1,precipitacao
1985-04-11,0,12.4,26.2,precipitacao
1985-04-11,1200,38.2,25.4,precipitacao
1985-04-11,1800,7.0,25.0,precipitacao
1985-04-15,0,0.0,27.0,precipitacao
1985-04-15,1200,64.0,25.6,precipitacao
1985-04-15,1800,0.0,28.0,precipitacao
1985-05-07,0,1.8,24.9,precipitacao
1985-05-07,1200,16.8,25.8,precipitacao
1985-05-07,1800,45.0,25.4,precipitacao
1985-05-08,0,9.4,24.0,precipitacao
1985-05-08,1200,76.4,26.6,precipitacao
1985-05-08,1800,0.0,29.2,precipitacao
1985-05-22,0,0.4,25.2,precipitacao
1985-05-22,1200,75.1,24.4,precipitacao
1985-05-22,1800,5.8,25.0,precipitacao
1985-05-30,0,0.0,26.0,precipitacao
1985-05-30,1200,37.6,25.4,precipitacao
1985-05-30,1800,42.4,24.0,precipitacao
1985-06-16,0,0.0,26.2,precipitacao
1985-06-16,1200,124.4,25.0,precipitacao
1985-06-16,1800,0.0,,precipitacao
1985-06-17,0,,,precipitacao
1985-06-17,1200,55.0,25.8,precipitacao
1985-06-17,1800,0.3,26.8,precipitacao
1985-06-18,0,87.0,25.0,precipitacao
1985-06-18,1200,11.3,26.8,precipitacao
1985-06-18,1800,0.0,26.4,precipitacao
1985-07-04,0,0.0,24.7,precipitacao
1985-07-04,1200,80.2,23.8,precipitacao
1985-07-04,1800,0.0,27.0,precipitacao
1985-07-06,0,15.0,23.2,precipitacao
1985-07-06,1200,47.6,26.0,precipitacao
1985-07-06,1800,1.4,25.5,precipitacao
1985-07-12,0,0.2,23.6,precipitacao
1985-07-12,1200,52.0,22.4,precipitacao
1985-07-12,1800,1.6,25.2,precipitacao
1985-07-13,0,28.4,22.8,precipitacao
1985-07-13,1200,28.2,25.4,precipitacao
1985-07-13,1800,0.0,27.0,precipitacao
1985-07-23,0,0.0,24.6,precipitacao
1985-07-23,1200,56.2,22.2,precipitacao
1985-07-23,1800,0.6,25.6,precipitacao
1985-07-28,0,0.0,23.0,precipitacao
1985-07-28,1200,4.2,26.0,precipitacao
1985-07-28,1800,56.4,24.0,precipitacao
1985-08-03,0,0.0,25.2,precipitacao
1985-08-03,1200,60.6,26.4,precipitacao
1985-08-03,1800,0.0,27.8,precipitacao
1985-08-06,0,14.2,22.8,precipitacao
1985-08-06,1200,47.4,25.6,precipitacao
1985-08-06,1800,9.0,24.0,precipitacao
1986-03-12,0,0.0,27.6,precipitacao
1986-03-12,1200,135.4,23.0,precipitacao
1986-03-12,1800,30.2,25.4,precipitacao
1986-03-14,0,34.4,24.6,precipitacao
1986-03-14,1200,14.0,24.2,precipitacao
1986-03-14,1800,3.4,26.2,precipitacao
1986-03-30,0,27.4,25.2,precipitacao
1986-03-30,1200,54.2,28.0,precipitacao
1986-03-30,1800,0.0,29.2,precipitacao
1986-04-07,0,3.8,25.4,precipitacao
1986-04-07,1200,62.2,25.2,precipitacao
1986-04-07,1800,62.0,23.2,precipitacao
1986-05-23,0,6.0,26.0,precipitacao
1986-05-23,1200,16.2,23.8,precipitacao
1986-05-23,1800,40.0,25.2,precipitacao
1986-06-01,0,0.0,25.0,precipitacao
1986-06-01,1200,57.4,25.2,precipitacao
1986-06-01,1800,15.2,23.4,precipitacao
1986-06-02,0,31.0,24.2,precipitacao
1986-06-02,1200,45.8,22.4,precipitacao
1986-06-02,1800,4.0,26.0,precipitacao
1986-06-17,0,4.0,24.0,precipitacao
1986-06-17,1200,1.8,23.2,precipitacao
1986-06-17,1800,61.0,22.4,precipitacao
1986-06-18,0,16.0,22.2,precipitacao
1986-06-18,1200,117.0,23.0,precipitacao
1986-06-18,1800,1.6,27.2,precipitacao
1986-09-14,0,1.8,23.8,precipitacao
1986-09-14,1200,35.4,23.0,precipitacao
1986-09-14,1800,16.0,26.0,precipitacao
1987-03-17,0,20.0,26.4,precipitacao
1987-03-17,1200,61.8,25.2,precipitacao
1987-03-17,1800,3.2,29.0,precipitacao
1987-06-04,0,6.0,26.4,precipitacao
1987-06-04,1200,46.2,26.8,precipitacao
1987-06-04,1800,0.0,27.6,precipitacao
1987-07-05,0,12.0,24.8,precipitacao
1987-07-05,1200,40.2,23.4,precipitacao
1987-07-05,1800,20.4,25.8,precipitacao
1987-07-09,0,6.0,25.9,precipitacao
1987-07-09,1200,30.0,24.8,precipitacao
1987-07-09,1800,37.2,25.0,precipitacao
1987-07-10,0,67.5,23.8,precipitacao
1987-07-10,1200,42.5,27.6,precipitacao
1987-07-10,1800,0.0,28.1,precipitacao
1988-03-27,0,7.0,24.6,precipitacao
1988-03-27,1200,41.4,29.4,precipitacao
1988-03-27,1800,2.0,29.6,precipitacao
1988-03-30,0,1.6,26.8,precipitacao
1988-03-30,1200,50.0,25.6,precipitacao
1988-03-30,1800,4.2,25.2,precipitacao
1988-03-31,0,5.0,24.0,precipitacao
1988-03-31,1200,59.8,26.0,precipitacao
1988-03-31,1800,0.0,27.6,precipitacao
1988-04-29,0,10.0,26.0,precipitacao
1988-04-29,1200,30.0,25.0,precipitacao
1988-04-29,1800,16.2,25.4,precipitacao
1988-05-22,0,20.0,25.0,precipitacao
1988-05-22,1200,80.0,25.2,precipitacao
1988-05-22,1800,2.0,27.6,precipitacao
1988-06-22,0,8.0,24.9,precipitacao
1988-06-22,1200,12.0,24.0,precipitacao
1988-06-22,1800,36.0,24.8,precipitacao
1988-07-17,0,0.0,24.6,precipitacao
1988-07-17,1200,63.2,25.0,precipitacao
1988-07-17,1800,10.0,22.4,precipitacao
1988-07-25,0,13.0,22.0,precipitacao
1988-07-25,1200,53.0,24.4,precipitacao
1988-07-25,1800,42.0,23.0,precipitacao
1988-08-09,0,6.0,23.8,precipitacao
1988-08-09,1200,25.0,22.8,precipitacao
1988-08-09,1800,36.0,23.4,precipitacao
1989-04-04,0,1.6,23.4,precipitacao
1989-04-04,1200,33.6,26.0,precipitacao
1989-04-04,1800,31.6,26.4,precipitacao
1989-04-08,0,6.4,26.0,precipitacao
1989-04-08,1200,55.6,25.6,precipitacao
1989-04-08,1800,1.4,26.4,precipitacao
1989-04-11,0,1.2,24.8,precipitacao
1989-04-11,1200,81.2,24.2,precipitacao
1989-04-11,1800,34.0,24.0,precipitacao
1989-04-12,0,,,precipitacao
1989-04-12,1200,115.0,25.1,precipitacao
1989-04-12,1800,0.0,27.8,precipitacao
1989-05-04,0,3.5,25.0,precipitacao
1989-05-04,1200,49.5,23.2,precipitacao
1989-05-04,1800,6.5,25.0,precipitacao
1989-06-08,0,18.0,24.0,precipitacao
1989-06-08,1200,63.0,23.2,precipitacao
1989-06-08,1800,2.0,26.6,precipitacao
1989-06-21,0,0.0,25.6,precipitacao
1989-06-21,1200,118.0,25.0,precipitacao
1989-06-21,1800,0.0,26.4,precipitacao
1989-06-29,0,0.0,25.8,precipitacao
1989-06-29,1200,54.8,23.0,precipitacao
1989-06-29,1800,27.0,23.0,precipitacao
1989-07-12,0,0.0,24.0,precipitacao
1989-07-12,1200,92.8,22.6,precipitacao
1989-07-12,1800,38.0,24.0,precipitacao
1990-02-09,0,8.0,25.0,precipitacao
1990-02-09,1200,82.0,26.9,precipitacao
1990-02-09,1800,0.0,28.0,precipitacao
1990-04-18,0,0.0,28.0,precipitacao
1990-04-18,1200,62.0,24.2,precipitacao
1990-04-18,1800,79.2,24.2,precipitacao
1990-04-26,0,15.0,25.0,precipitacao
1990-04-26,1200,58.0,25.0,precipitacao
1990-04-26,1800,10.2,25.2,precipitacao
1990-05-27,0,42.0,25.2,precipitacao
1990-05-27,1200,20.1,27.8,precipitacao
1990-05-27,1800,0.5,29.6,precipitacao
1990-05-30,0,20.6,25.4,precipitacao
1990-05-30,1200,40.6,26.0,precipitacao
1990-05-30,1800,1.4,27.0,precipitacao
1990-06-03,0,4.0,26.6,precipitacao
1990-06-03,1200,43.0,24.7,precipitacao
1990-06-03,1800,8.0,25.6,precipitacao
1990-07-20,0,0.4,26.0,precipitacao
1990-07-20,1200,64.2,21.0,precipitacao
1990-07-20,1800,35.4,22.2,precipitacao
1990-07-21,0,35.8,25.0,precipitacao
1990-07-21,1200,60.0,23.2,precipitacao
1990-07-21,1800,45.2,23.0,precipitacao
1990-08-14,0,46.2,25.0,precipitacao
1990-08-14,1200,65.8,22.2,precipitacao
1990-08-14,1800,2.2,27.0,precipitacao
1990-08-23,0,6.4,27.0,precipitacao
1990-08-23,1200,46.4,22.4,precipitacao
1990-08-23,1800,12.6,26.2,precipitacao
1991-02-17,0,12.0,26.4,precipitacao
1991-02-17,1200,42.0,27.2,precipitacao
1991-02-17,1800,0.0,28.8,precipitacao
1991-04-16,0,6.1,24.1,precipitacao
1991-04-16,1200,32.4,23.8,precipitacao
1991-04-16,1800,12.4,25.0,precipitacao
1992-01-29,0,0.4,26.0,precipitacao
1992-01-29,1200,50.0,26.4,precipitacao
1992-01-29,1800,0.0,28.2,precipitacao
1992-03-16,0,0.0,27.0,precipitacao
1992-03-16,1200,76.1,27.0,precipitacao
1992-03-16,1800,1.0,26.3,precipitacao
1992-06-24,0,10.1,22.4,precipitacao
1992-06-24,1200,49.8,25.2,precipitacao
1992-06-24,1800,0.1,27.4,precipitacao
1993-03-28,0,0.0,26.8,precipitacao
1993-03-28,1200,38.2,25.4,precipitacao
1993-03-28,1800,12.0,27.4,precipitacao
1993-06-10,0,24.5,25.5,precipitacao
1993-06-10,1200,25.5,25.0,precipitacao
1993-06-10,1800,1.1,27.6,precipitacao
1993-07-21,0,34.0,23.0,precipitacao
1993-07-21,1200,59.8,23.8,precipitacao
1993-07-21,1800,0.0,27.0,precipitacao
1994-01-20,0,0.0,26.8,precipitacao
1994-01-20,1200,61.2,24.4,precipitacao
1994-01-20,1800,0.6,27.0,precipitacao
1994-01-21,0,0.4,26.0,precipitacao
1994-01-21,1200,9.6,26.0,precipitacao
1994-01-21,1800,50.4,27.2,precipitacao
1994-04-03,0,16.9,24.8,precipitacao
1994-04-03,1200,43.1,25.0,precipitacao
1994-04-03,1800,17.0,24.2,precipitacao
1994-04-18,0,3.3,25.0,precipitacao
1994-04-18,1200,77.1,25.4,precipitacao
1994-04-18,1800,5.6,25.8,precipitacao
1994-05-13,0,0.0,25.4,precipitacao
1994-05-13,1200,32.4,24.8,precipitacao
1994-05-13,1800,26.0,25.6,precipitacao
1994-05-20,0,0.0,26.2,precipitacao
1994-05-20,1200,46.0,26.8,precipitacao
1994-05-20,1800,32.0,23.6,precipitacao
1994-05-21,0,17.0,23.5,precipitacao
1994-05-21,1200,17.0,25.2,precipitacao
1994-05-21,1800,22.8,25.2,precipitacao
1994-06-03,0,0.0,24.8,precipitacao
1994-06-03,1200,58.6,24.2,precipitacao
1994-06-03,1800,45.6,25.0,precipitacao
1994-06-04,0,0.0,24.2,precipitacao
1994-06-04,1200,87.4,23.8,precipitacao
1994-06-04,1800,0.1,26.2,precipitacao
1994-06-17,0,2.4,24.4,precipitacao
1994-06-17,1200,70.6,23.6,precipitacao
1994-06-17,1800,2.0,25.4,precipitacao
1994-06-20,0,0.0,24.6,precipitacao
1994-06-20,1200,56.4,25.2,precipitacao
1994-06-20,1800,17.6,26.8,precipitacao
1994-06-22,0,4.0,24.2,precipitacao
1994-06-22,1200,60.6,24.0,precipitacao
1994-06-22,1800,5.0,26.8,precipitacao
1994-07-16,0,43.0,24.0,precipitacao
1994-07-16,1200,35.8,24.4,precipitacao
1994-07-16,1800,50.0,23.0,precipitacao
1995-04-30,0,11.4,26.0,precipitacao
1995-04-30,1200,33.8,25.2,precipitacao
1995-04-30,1800,12.0,26.0,precipitacao
1995-05-20,0,0.0,26.8,precipitacao
1995-05-20,1200,65.0,24.6,precipitacao
1995-05-20,1800,0.0,29.0,precipitacao
1995-06-01,0,7.2,24.6,precipitacao
1995-06-01,1200,26.0,23.6,precipitacao
1995-06-01,1800,22.6,23.6,precipitacao
1995-06-25,0,25.5,23.2,precipitacao
1995-06-25,1200,23.6,23.0,precipitacao
1995-06-25,1800,7.6,24.6,precipitacao
1995-06-30,0,2.6,24.3,precipitacao
1995-06-30,1200,27.0,23.4,precipitacao
1995-06-30,1800,33.0,21.8,precipitacao
1995-07-17,0,0.0,25.4,precipitacao
1995-07-17,1200,26.0,23.6,precipitacao
1995-07-17,1800,25.6,27.4,precipitacao
1995-07-27,0,18.0,22.0,precipitacao
1995-07-27,1200,104.4,21.9,precipitacao
1995-07-27,1800,31.0,25.2,precipitacao
1996-01-22,0,0.0,26.9,precipitacao
1996-01-22,1200,76.8,23.5,precipitacao
1996-01-22,1800,0.0,28.1,precipitacao
1996-03-05,0,0.9,27.0,precipitacao
1996-03-05,1200,78.6,25.8,precipitacao
1996-03-05,1800,0.0,28.4,precipitacao
1996-03-12,0,0.0,27.6,precipitacao
1996-03-12,1200,56.0,24.4,precipitacao
1996-03-12,1800,0.0,28.6,precipitacao
1996-03-19,0,2.8,26.2,precipitacao
1996-03-19,1200,68.5,25.9,precipitacao
1996-03-19,1800,2.6,28.8,precipitacao
1996-04-14,0,5.3,24.4,precipitacao
1996-04-14,1200,24.9,24.0,precipitacao
1996-04-14,1800,21.6,24.4,precipitacao
1996-04-26,0,36.6,23.6,precipitacao
1996-04-26,1200,26.3,26.2,precipitacao
1996-04-26,1800,11.6,27.2,precipitacao
1996-05-30,0,6.6,24.5,precipitacao
1996-05-30,1200,179.0,23.3,precipitacao
1996-05-30,1800,0.4,27.5,precipitacao
1996-07-12,0,0.6,25.2,precipitacao
1996-07-12,1200,3.4,24.6,precipitacao
1996-07-12,1800,103.6,24.6,precipitacao
1997-02-18,0,0.0,27.9,precipitacao
1997-02-18,1200,99.6,22.8,precipitacao
1997-02-18,1800,51.5,22.8,precipitacao
1997-03-15,0,3.0,26.0,precipitacao
1997-03-15,1200,71.4,27.4,precipitacao
1997-03-15,1800,0.0,28.6,precipitacao
1997-03-31,0,12.5,26.6,precipitacao
1997-03-31,1200,33.1,27.4,precipitacao
1997-03-31,1800,4.5,27.0,precipitacao
1997-04-01,0,0.0,25.0,precipitacao
1997-04-01,1200,7.3,24.8,precipitacao
1997-04-01,1800,85.0,23.8,precipitacao
1997-05-02,0,37.9,24.7,precipitacao
1997-05-02,1200,20.6,28.4,precipitacao
1997-05-02,1800,0.0,28.8,precipitacao
1997-12-22,0,32.0,26.0,precipitacao
1997-12-22,1200,22.8,27.4,precipitacao
1997-12-22,1800,0.0,28.2,precipitacao
1998-01-26,0,73.4,26.0,precipitacao
1998-01-26,1200,15.4,27.2,precipitacao
1998-01-26,1800,0.8,29.8,precipitacao
1998-06-16,0,10.2,24.5,precipitacao
1998-06-16,1200,80.4,22.8,precipitacao
1998-06-16,1800,0.0,27.4,precipitacao
1998-07-09,0,0.0,26.8,precipitacao
1998-07-09,1200,49.0,24.8,precipitacao
1998-07-09,1800,20.8,24.2,precipitacao
1999-03-18,0,31.1,26.0,precipitacao
1999-03-18,1200,30.3,25.6,precipitacao
1999-03-18,1800,0.0,28.2,precipitacao
1999-05-01,0,10.3,24.2,precipitacao
1999-05-01,1200,43.8,25.0,precipitacao
1999-05-01,1800,0.3,29.0,precipitacao
1999-05-15,0,0.0,27.4,precipitacao
1999-05-15,1200,42.0,25.8,precipitacao
1999-05-15,1800,9.8,28.6,precipitacao
2000-05-13,0,1.6,25.4,precipitacao
2000-05-13,1200,75.8,27.0,precipitacao
2000-05-13,1800,3.4,24.8,precipitacao
2000-05-14,0,37.2,24.2,precipitacao
2000-05-14,1200,18.0,24.4,precipitacao
2000-05-14,1800,22.6,23.8,precipitacao
2000-06-09,0,28.6,23.8,precipitacao
2000-06-09,1200,45.0,24.6,precipitacao
2000-06-09,1800,14.6,25.2,precipitacao
2000-06-14,0,4.9,24.8,precipitacao
2000-06-14,1200,71.0,24.2,precipitacao
2000-06-14,1800,45.0,23.6,precipitacao
2000-06-26,0,38.0,23.8,precipitacao
2000-06-26,1200,123.4,22.8,precipitacao
2000-06-26,1800,13.6,27.2,precipitacao
2000-07-04,0,44.0,22.0,precipitacao
2000-07-04,1200,17.0,26.0,precipitacao
2000-07-04,1800,11.0,26.2,precipitacao
2000-07-11,0,1.2,23.8,precipitacao
2000-07-11,1200,68.2,23.8,precipitacao
2000-07-11,1800,2.8,25.5,precipitacao
2000-09-17,0,7.6,26.2,precipitacao
2000-09-17,1200,65.0,23.4,precipitacao
2000-09-17,1800,76.4,26.0,precipitacao
2001-04-29,0,32.6,24.2,precipitacao
2001-04-29,1200,17.6,26.4,precipitacao
2001-04-29,1800,0.0,28.8,precipitacao
2001-07-28,0,1.3,22.2,precipitacao
2001-07-28,1200,28.8,,precipitacao
2001-07-28,1800,28.8,25.0,precipitacao
2002-01-10,0,0.2,27.0,precipitacao
2002-01-10,1200,77.2,25.2,precipitacao
2002-01-10,1800,,,precipitacao
2002-02-04,0,34.0,24.4,precipitacao
2002-02-04,1200,32.0,26.4,precipitacao
2002-02-04,1800,,,precipitacao
2002-03-07,0,0.0,26.8,precipitacao
2002-03-07,1200,67.0,29.8,precipitacao
2002-03-07,1800,,,precipitacao
2002-05-01,0,,26.2,precipitacao
2002-05-01,1200,46.0,25.4,precipitacao
2002-05-01,1800,9.4,25.8,precipitacao
2002-05-07,0,32.0,23.8,precipitacao
2002-05-07,1200,29.0,28.6,precipitacao
2002-05-07,1800,0.0,29.0,precipitacao
2002-06-06,0,0.4,25.0,precipitacao
2002-06-06,1200,1.2,27.0,precipitacao
2002-06-06,1800,59.0,22.0,precipitacao
2002-06-15,0,0.5,24.0,precipitacao
2002-06-15,1200,18.8,25.4,precipitacao
2002-06-15,1800,55.2,23.8,precipitacao
2002-06-18,0,19.2,23.8,precipitacao
2002-06-18,1200,34.8,24.8,precipitacao
2002-06-18,1800,21.4,27.2,precipitacao
2002-07-10,0,5.2,23.4,precipitacao
2002-07-10,1200,75.4,23.8,precipitacao
2002-07-10,1800,21.8,27.8,precipitacao
2002-07-26,0,0.0,26.2,precipitacao
2002-07-26,1200,19.6,24.8,precipitacao
2002-07-26,1800,51.0,23.6,precipitacao
2003-02-24,0,13.2,26.0,precipitacao
2003-02-24,1200,86.2,25.4,precipitacao
2003-02-24,1800,15.4,25.6,precipitacao
2003-03-17,0,0.0,27.6,precipitacao
2003-03-17,1200,78.0,25.2,precipitacao
2003-03-17,1800,0.0,28.6,precipitacao
2003-04-27,0,0.8,26.8,precipitacao
2003-04-27,1200,89.0,25.4,precipitacao
2003-04-27,1800,2.0,26.6,precipitacao
2003-05-14,0,0.0,26.2,precipitacao
2003-05-14,1200,80.0,23.4,precipitacao
2003-05-14,1800,25.2,25.6,precipitacao
2003-06-15,0,8.4,23.8,precipitacao
2003-06-15,1200,95.0,23.0,precipitacao
2003-06-15,1800,,,precipitacao
2003-06-16,0,0.2,24.2,precipitacao
2003-06-16,1200,76.0,23.2,precipitacao
2003-06-16,1800,,,precipitacao
2003-06-21,0,17.4,23.4,precipitacao
2003-06-21,1200,74.0,25.2,precipitacao
2003-06-21,1800,,24.2,precipitacao
2003-08-11,0,,,precipitacao
2003-08-11,1200,81.0,28.0,precipitacao
2003-08-11,1800,0.0,27.8,precipitacao
2004-01-27,0,0.0,27.6,precipitacao
2004-01-27,1200,75.0,24.2,precipitacao
2004-01-27,1800,24.2,25.8,precipitacao
2004-05-05,0,1.1,24.2,precipitacao
2004-05-05,1200,30.2,23.6,precipitacao
2004-05-05,1800,23.6,23.4,precipitacao
2004-06-01,0,0.0,24.8,precipitacao
2004-06-01,1200,91.0,25.4,precipitacao
2004-06-01,1800,0.0,28.2,precipitacao
2004-06-11,0,4.5,25.0,precipitacao
2004-06-11,1200,47.0,27.0,precipitacao
2004-06-11,1800,0.0,29.0,precipitacao
2004-06-18,0,21.0,24.2,precipitacao
2004-06-18,1200,67.2,24.2,precipitacao
2004-06-18,1800,3.9,24.2,precipitacao
2004-07-03,0,2.3,24.6,precipitacao
2004-07-03,1200,75.0,24.0,precipitacao
2004-07-03,1800,24.2,23.8,precipitacao
2004-07-15,0,0.5,25.6,precipitacao
2004-07-15,1200,50.6,23.6,precipitacao
2004-07-15,1800,25.4,24.2,precipitacao
2004-07-25,0,0.0,23.6,precipitacao
2004-07-25,1200,23.0,22.6,precipitacao
2004-07-25,1800,60.0,22.8,precipitacao
2004-07-26,0,46.5,21.8,precipitacao
2004-07-26,1200,10.2,23.0,precipitacao
2004-07-26,1800,1.3,24.0,precipitacao
2005-03-27,0,0.0,28.8,precipitacao
2005-03-27,1200,78.0,25.0,precipitacao
2005-03-27,1800,0.2,28.2,precipitacao
2005-05-11,0,1.4,27.2,precipitacao
2005-05-11,1200,57.2,27.6,precipitacao
2005-05-11,1800,1.0,29.2,precipitacao
2005-05-19,0,2.8,25.8,precipitacao
2005-05-19,1200,60.0,24.0,precipitacao
2005-05-19,1800,0.2,29.0,precipitacao
2005-05-23,0,0.0,26.8,precipitacao
2005-05-23,1200,61.6,25.2,precipitacao
2005-05-23,1800,3.2,24.4,precipitacao
2005-05-30,0,12.4,24.4,precipitacao
2005-05-30,1200,45.8,26.0,precipitacao
2005-05-30,1800,1.1,27.8,precipitacao
2005-06-12,0,3.0,24.0,precipitacao
2005-06-12,1200,56.0,24.2,precipitacao
2005-06-12,1800,12.4,27.0,precipitacao
2005-06-18,0,0.0,26.0,precipitacao
2005-06-18,1200,45.0,24.0,precipitacao
2005-06-18,1800,13.6,23.6,precipitacao
2005-06-23,0,0.0,25.0,precipitacao
2005-06-23,1200,51.4,,precipitacao
2005-06-23,1800,17.0,24.6,precipitacao
2007-02-14,0,0.0,28.8,precipitacao
2007-02-14,1200,73.0,23.6,precipitacao
2007-02-14,1800,0.0,29.2,precipitacao
2007-03-01,0,16.2,24.2,precipitacao
2007-03-01,1200,37.8,25.2,precipitacao
2007-03-01,1800,1.4,29.2,precipitacao
2007-04-21,0,14.0,25.6,precipitacao
2007-04-21,1200,75.0,26.4,precipitacao
2007-04-21,1800,0.0,29.4,precipitacao
2007-05-31,0,0.0,26.8,precipitacao
2007-05-31,1200,27.4,23.8,precipitacao
2007-05-31,1800,25.4,24.6,precipitacao
2007-06-04,0,13.1,23.8,precipitacao
2007-06-04,1200,37.9,26.2,precipitacao
2007-06-04,1800,0.0,28.0,precipitacao
2007-06-13,0,44.0,24.8,precipitacao
2007-06-13,1200,26.6,27.0,precipitacao
2007-06-13,1800,0.0,28.4,precipitacao
2007-08-16,0,14.8,21.8,precipitacao
2007-08-16,1200,62.0,24.6,precipitacao
2007-08-16,1800,4.0,26.8,precipitacao
2007-08-20,0,1.2,22.6,precipitacao
2007-08-20,1200,34.0,23.2,precipitacao
2007-08-20,1800,23.4,24.2,precipitacao
2008-03-20,0,24.0,24.0,precipitacao
2008-03-20,1200,61.2,25.6,precipitacao
2008-03-20,1800,10.0,27.4,precipitacao
2008-03-30,0,14.2,27.0,precipitacao
2008-03-30,1200,72.0,24.8,precipitacao
2008-03-30,1800,1.3,27.0,precipitacao
2008-04-20,0,0.0,26.2,precipitacao
2008-04-20,1200,63.0,26.0,precipitacao
2008-04-20,1800,0.0,29.6,precipitacao
2008-04-27,0,0.0,27.2,precipitacao
2008-04-27,1200,3.6,25.2,precipitacao
2008-04-27,1800,81.6,23.8,precipitacao
2008-05-27,0,2.0,24.8,precipitacao
2008-05-27,1200,85.0,24.4,precipitacao
2008-05-27,1800,19.4,25.0,precipitacao
2008-06-16,0,1.0,24.4,precipitacao
2008-06-16,1200,137.4,24.2,precipitacao
2008-06-16,1800,0.6,26.0,precipitacao
2008-07-01,0,6.8,23.3,precipitacao
2008-07-01,1200,72.4,24.4,precipitacao
2008-07-01,1800,24.2,24.6,precipitacao
2008-07-09,0,31.0,22.6,precipitacao
2008-07-09,1200,19.4,24.6,precipitacao
2008-07-09,1800,0.0,27.8,precipitacao
2008-08-02,0,0.6,23.8,precipitacao
2008-08-02,1200,63.6,23.8,precipitacao
2008-08-02,1800,0.4,26.6,precipitacao
2008-08-07,0,9.4,23.4,precipitacao
2008-08-07,1200,73.0,23.8,precipitacao
2008-08-07,1800,2.8,25.8,precipitacao
2008-09-04,0,2.8,22.8,precipitacao
2008-09-04,1200,44.8,24.0,precipitacao
2008-09-04,1800,3.2,26.0,precipitacao
2009-02-20,0,0.0,28.0,precipitacao
2009-02-20,1200,47.4,24.8,precipitacao
2009-02-20,1800,4.8,27.6,precipitacao
2009-02-22,0,0.8,26.2,precipitacao
2009-02-22,1200,112.8,24.0,precipitacao
2009-02-22,1800,2.0,27.2,precipitacao
2009-04-14,0,0.0,26.6,precipitacao
2009-04-14,1200,120.2,24.4,precipitacao
2009-04-14,1800,2.0,28.8,precipitacao
2009-04-20,0,15.2,26.2,precipitacao
2009-04-20,1200,44.2,25.8,precipitacao
2009-04-20,1800,0.1,28.8,precipitacao
2009-04-23,0,1.8,25.0,precipitacao
2009-04-23,1200,128.0,28.0,precipitacao
2009-04-23,1800,0.0,30.4,precipitacao
2009-05-03,0,2.0,24.8,precipitacao
2009-05-03,1200,32.0,25.0,precipitacao
2009-05-03,1800,34.2,24.2,precipitacao
2009-05-11,0,8.4,25.4,precipitacao
2009-05-11,1200,67.8,24.4,precipitacao
2009-05-11,1800,0.0,26.6,precipitacao
2009-05-23,0,17.0,24.2,precipitacao
2009-05-23,1200,116.4,24.6,precipitacao
2009-05-23,1800,8.6,25.6,precipitacao
2009-05-26,0,0.0,26.8,precipitacao
2009-05-26,1200,23.4,24.4,precipitacao
2009-05-26,1800,28.8,25.4,precipitacao
2009-06-06,0,13.6,26.2,precipitacao
2009-06-06,1200,54.2,28.4,precipitacao
2009-06-06,1800,,,precipitacao
2009-06-23,0,50.2,23.0,precipitacao
2009-06-23,1200,3.2,27.4,precipitacao
2009-06-23,1800,,,precipitacao
2009-07-04,0,1.0,24.4,precipitacao
2009-07-04,1200,61.2,22.4,precipitacao
2009-07-04,1800,,,precipitacao
2009-07-07,0,40.4,23.0,precipitacao
2009-07-07,1200,15.4,24.4,precipitacao
2009-07-07,1800,,,precipitacao
2009-07-19,0,62.2,23.0,precipitacao
2009-07-19,1200,22.0,24.0,precipitacao
2009-07-19,1800,,,precipitacao
2010-07-22,0,0.0,24.2,precipitacao
2010-07-22,1200,39.4,25.2,precipitacao
2010-07-22,1800,12.4,25.2,precipitacao
2011-01-06,0,0.0,27.2,precipitacao
2011-01-06,1200,50.2,25.6,precipitacao
2011-01-06,1800,0.8,28.8,precipitacao
2011-01-20,0,0.0,27.2,precipitacao
2011-01-20,1200,89.4,25.8,precipitacao
2011-01-20,1800,0.0,28.6,precipitacao
2011-02-13,0,0.0,27.8,precipitacao
2011-02-13,1200,52.0,23.0,precipitacao
2011-02-13,1800,2.0,27.8,precipitacao
2011-02-20,0,0.0,28.2,precipitacao
2011-02-20,1200,119.8,24.8,precipitacao
2011-02-20,1800,1.6,25.6,precipitacao
2011-04-09,0,0.2,27.4,precipitacao
2011-04-09,1200,77.2,25.8,precipitacao
2011-04-09,1800,5.2,27.8,precipitacao
2011-04-12,0,6.8,25.0,precipitacao
2011-04-12,1200,46.0,25.2,precipitacao
2011-04-12,1800,30.8,25.2,precipitacao
2011-04-13,0,15.2,24.0,precipitacao
2011-04-13,1200,26.0,25.8,precipitacao
2011-04-13,1800,13.8,29.0,precipitacao
2011-05-03,0,3.0,25.6,precipitacao
2011-05-03,1200,21.8,26.4,precipitacao
2011-05-03,1800,34.6,25.8,precipitacao
2011-05-20,0,92.4,24.0,precipitacao
2011-05-20,1200,68.0,25.4,precipitacao
2011-05-20,1800,0.0,28.0,precipitacao
2011-07-12,0,8.8,23.4,precipitacao
2011-07-12,1200,60.6,23.8,precipitacao
2011-07-12,1800,25.0,22.6,precipitacao
2011-07-16,0,31.4,23.4,precipitacao
2011-07-16,1200,31.8,22.8,precipitacao
2011-07-16,1800,1.8,25.4,precipitacao
2011-07-17,0,13.4,23.2,precipitacao
2011-07-17,1200,40.2,22.0,precipitacao
2011-07-17,1800,7.0,23.4,precipitacao
2012-01-24,0,5.2,24.0,precipitacao
2012-01-24,1200,98.2,25.0,precipitacao
2012-01-24,1800,0.1,29.0,precipitacao
2012-02-18,0,10.4,24.4,precipitacao
2012-02-18,1200,44.4,26.6,precipitacao
2012-02-18,1800,3.4,29.2,precipitacao
2012-05-23,0,47.4,24.2,precipitacao
2012-05-23,1200,19.8,24.8,precipitacao
2012-05-23,1800,10.8,25.0,precipitacao
2012-06-07,0,70.0,23.0,precipitacao
2012-06-07,1200,55.8,27.4,precipitacao
2012-06-07,1800,2.6,26.4,precipitacao
2012-06-19,0,0.8,25.4,precipitacao
2012-06-19,1200,50.6,23.2,precipitacao
2012-06-19,1800,95.6,22.6,precipitacao
2012-06-28,0,41.8,23.0,precipitacao
2012-06-28,1200,109.8,26.0,precipitacao
2012-06-28,1800,5.4,27.2,precipitacao
2012-07-02,0,0.3,23.4,precipitacao
2012-07-02,1200,66.4,24.8,precipitacao
2012-07-02,1800,0.0,26.8,precipitacao
2012-07-13,0,28.6,23.0,precipitacao
2012-07-13,1200,71.4,23.4,precipitacao
2012-07-13,1800,9.8,27.0,precipitacao
2013-04-28,0,0.0,26.6,precipitacao
2013-04-28,1200,54.0,24.8,precipitacao
2013-04-28,1800,36.8,24.8,precipitacao
2013-06-09,0,40.0,24.6,precipitacao
2013-06-09,1200,89.4,23.4,precipitacao
2013-06-09,1800,4.8,28.0,precipitacao
2013-06-13,0,8.2,24.4,precipitacao
2013-06-13,1200,65.0,25.2,precipitacao
2013-06-13,1800,8.9,26.0,precipitacao
2013-06-22,0,7.2,24.2,precipitacao
2013-06-22,1200,63.4,27.0,precipitacao
2013-06-22,1800,0.0,27.8,precipitacao
2013-07-03,0,2.4,23.8,precipitacao
2013-07-03,1200,110.4,22.8,precipitacao
2013-07-03,1800,1.0,25.0,precipitacao
2013-07-21,0,0.0,23.0,precipitacao
2013-07-21,1200,50.4,23.4,precipitacao
2013-07-21,1800,9.8,25.8,precipitacao
2013-08-30,0,0.0,25.6,precipitacao
2013-08-30,1200,103.2,25.2,precipitacao
2013-08-30,1800,6.8,24.6,precipitacao
2013-09-04,0,68.0,22.4,precipitacao
2013-09-04,1200,79.2,24.8,precipitacao
2013-09-04,1800,0.0,27.4,precipitacao
2014-05-13,0,1.4,25.2,precipitacao
2014-05-13,1200,5.2,25.4,precipitacao
2014-05-13,1800,49.0,24.6,precipitacao
2014-06-06,0,16.4,24.2,precipitacao
2014-06-06,1200,46.4,24.6,precipitacao
2014-06-06,1800,0.2,28.6,precipitacao
2014-06-24,0,24.6,22.0,precipitacao
2014-06-24,1200,33.2,24.0,precipitacao
2014-06-24,1800,2.1,27.4,precipitacao
2014-09-08,0,20.2,23.0,precipitacao
2014-09-08,1200,36.0,23.6,precipitacao
2014-09-08,1800,21.8,23.4,precipitacao
2015-03-08,0,0.0,27.6,precipitacao
2015-03-08,1200,94.2,24.8,precipitacao
2015-03-08,1800,3.0,26.8,precipitacao
2015-03-21,0,0.0,27.6,precipitacao
2015-03-21,1200,0.4,27.8,precipitacao
2015-03-21,1800,78.8,25.4,precipitacao
2015-06-04,0,0.0,25.4,precipitacao
2015-06-04,1200,61.8,28.4,precipitacao
2015-06-04,1800,0.0,29.2,precipitacao
2015-06-25,0,0.0,25.6,precipitacao
2015-06-25,1200,16.2,23.6,precipitacao
2015-06-25,1800,45.0,25.2,precipitacao
2015-06-29,0,15.6,25.4,precipitacao
2015-06-29,1200,39.2,23.6,precipitacao
2015-06-29,1800,8.2,27.8,precipitacao
2015-07-27,0,31.6,22.6,precipitacao
2015-07-27,1200,20.0,23.6,precipitacao
2015-07-27,1800,2.4,26.4,precipitacao
2015-12-24,0,0.6,25.8,precipitacao
2015-12-24,1200,28.0,24.2,precipitacao
2015-12-24,1800,24.0,23.2,precipitacao
2015-12-29,0,0.0,24.2,precipitacao
2015-12-29,1200,54.4,24.4,precipitacao
2015-12-29,1800,0.0,29.2,precipitacao
2016-03-17,0,9.4,27.0,precipitacao
2016-03-17,1200,19.2,25.4,precipitacao
2016-03-17,1800,30.0,27.6,precipitacao
2016-04-16,0,25.4,24.6,precipitacao
2016-04-16,1200,112.8,25.0,precipitacao
2016-04-16,1800,39.8,24.8,precipitacao
2016-04-17,0,56.2,24.6,precipitacao
2016-04-17,1200,17.4,26.2,precipitacao
2016-04-17,1800,12.4,24.2,precipitacao
2016-05-09,0,14.0,24.2,precipitacao
2016-05-09,1200,94.4,23.4,precipitacao
2016-05-09,1800,3.4,23.6,precipitacao
2016-05-30,0,0.2,26.8,precipitacao
2016-05-30,1200,19.4,25.8,precipitacao
2016-05-30,1800,89.8,24.4,precipitacao
2016-06-03,0,0.0,27.4,precipitacao
2016-06-03,1200,68.0,21.8,precipitacao
2016-06-03,1800,20.0,23.6,precipitacao
2016-06-22,0,0.6,24.8,precipitacao
2016-06-22,1200,28.4,24.6,precipitacao
2016-06-22,1800,21.6,27.0,precipitacao
2017-04-13,0,0.0,28.0,precipitacao
2017-04-13,1200,70.0,27.0,precipitacao
2017-04-13,1800,7.6,31.2,precipitacao
2017-04-30,0,4.0,25.8,precipitacao
2017-04-30,1200,52.4,25.2,precipitacao
2017-04-30,1800,0.0,29.2,precipitacao
2017-05-03,0,11.8,24.2,precipitacao
2017-05-03,1200,58.2,26.2,precipitacao
2017-05-03,1800,16.0,26.2,precipitacao
2017-05-20,0,0.4,27.8,precipitacao
2017-05-20,1200,57.8,25.8,precipitacao
2017-05-20,1800,0.4,30.8,precipitacao
2017-05-29,0,5.4,25.0,precipitacao
2017-05-29,1200,135.0,24.4,precipitacao
2017-05-29,1800,29.8,24.0,precipitacao
2017-06-28,0,0.1,24.4,precipitacao
2017-06-28,1200,37.4,24.8,precipitacao
2017-06-28,1800,41.4,24.6,precipitacao
2017-07-21,0,20.8,24.0,precipitacao
2017-07-21,1200,73.0,23.6,precipitacao
2017-07-21,1800,1.0,26.4,precipitacao
2017-07-28,0,0.6,23.0,precipitacao
2017-07-28,1200,119.2,22.4,precipitacao
2017-07-28,1800,30.2,21.4,precipitacao
2018-02-14,0,0.0,27.4,precipitacao
2018-02-14,1200,36.0,23.6,precipitacao
2018-02-14,1800,29.8,25.2,precipitacao
2018-03-29,0,10.2,25.2,precipitacao
2018-03-29,1200,42.0,24.6,precipitacao
2018-03-29,1800,3.0,26.0,precipitacao
2018-03-30,0,25.6,24.2,precipitacao
2018-03-30,1200,43.0,24.0,precipitacao
2018-03-30,1800,5.4,26.8,precipitacao
2018-04-30,0,10.8,25.4,precipitacao
2018-04-30,1200,28.8,25.0,precipitacao
2018-04-30,1800,15.8,25.0,precipitacao
2018-05-09,0,0.0,26.2,precipitacao
2018-05-09,1200,49.7,23.8,precipitacao
2018-05-09,1800,5.2,26.0,precipitacao
2018-05-17,0,1.4,25.2,precipitacao
2018-05-17,1200,66.4,24.4,precipitacao
2018-05-17,1800,0.0,28.8,precipitacao
2018-07-11,0,10.0,23.5,precipitacao
2018-07-11,1200,96.2,23.4,precipitacao
2018-07-11,1800,0.0,28.8,precipitacao
2019-02-13,0,0.0,26.8,precipitacao
2019-02-13,1200,71.0,23.8,precipitacao
2019-02-13,1800,60.0,25.4,precipitacao
2019-04-01,0,0.8,26.8,precipitacao
2019-04-01,1200,52.0,24.6,precipitacao
2019-04-01,1800,1.8,27.2,precipitacao
2019-06-13,0,7.2,24.2,precipitacao
2019-06-13,1200,138.0,24.4,precipitacao
2019-06-13,1800,,,precipitacao
2019-06-14,0,136.2,22.4,precipitacao
2019-06-14,1200,46.2,27.0,precipitacao
2019-06-14,1800,,,precipitacao
2019-06-16,0,25.0,24.4,precipitacao
2019-06-16,1200,56.6,23.6,precipitacao
2019-06-16,1800,,,precipitacao
2019-06-17,0,42.4,23.0,precipitacao
2019-06-17,1200,21.4,23.8,precipitacao
2019-06-17,1800,,,precipitacao
